"assessid","stockid","tb_max","r","k","r2","k2","betaT"
"ADFG-HERRTOG-1990-2010-HIVELY","HERRTOG",149000,0.930368168022448,0.977476055909115,0.935908886141256,0.976912077165649,-0.037419117855575
"AFSC-ALPLAICBSAI-1972-2010-STACHURA","ALPLAICBSAI",831000,0.149354281428993,1.06839089968646,0.149772065411875,1.06765253988846,-0.0683019319310498
"AFSC-ARFLOUNDBSAI-1970-2010-STACHURA","ARFLOUNDBSAI",1050000,0.0502481214055856,2.66888784681199,0.0501081732212557,2.64632207894365,0.200282023465157
"AFSC-ARFLOUNDGA-1958-2010-STACHURA","ARFLOUNDGA",2190000,0.0531156830410539,1.51162149006852,0.0531895233429764,1.50120349575415,0.120730403035392
"AFSC-ATKABSAI-1976-2011-STACHURA","ATKABSAI",710000,0.370272536737096,0.932457366293292,0.370535260169518,0.933118126191255,0.137315426145569
"AFSC-BKINGCRABPI-1960-2008-JENSEN","BKINGCRABPI",27100,0.0623468322387685,0.0592173362761506,0.0558379124369523,0.0532478168224698,-0.208747205908463
"AFSC-DSOLEGA-1978-2009-STACHURA","DSOLEGA",157000,0.0184176603332935,0.533960869325887,0.0179743567096012,0.530990712416207,-0.101146963793657
"AFSC-DUSROCKGA-1973-2010-STACHURA","DUSROCKGA",80300,0.0680951084728609,2.06984247429974,0.0695480908872929,2.01816383903523,0.137247539567986
"AFSC-FLSOLEBSAI-1974-2010-STACHURA","FLSOLEBSAI",987000,0.210353143184083,0.989968762323169,0.210375722037305,0.990583205589995,-0.0937507147760271
"AFSC-FLSOLEGA-1978-2010-STACHURA","FLSOLEGA",371000,0.120472594563565,0.941339397149376,0.030441721613913,1.40550319192323,1.39584585620633
"AFSC-GHALBSAI-1960-2015-HIVELY","GHALBSAI",354000,NA,NA,NA,NA,NA
"AFSC-NROCKBSAI-1974-2011-STACHURA","NROCKBSAI",207000,0.0366278707582037,2.37940188683028,0.0366361425150347,2.37876821032464,0.00116799369711934
"AFSC-NROCKGA-1959-2010-STACHURA","NROCKGA",188000,0.0769411870798718,0.858695779636027,0.0871209517778202,0.828948294852301,0.720454348949894
"AFSC-NRSOLEEBSAI-1975-2012-HIVELY","NRSOLEEBSAI",1740000,0.200030233063432,1.13631144432935,0.20138262932461,1.12816483256844,-0.279770692663207
"AFSC-PCODBSAI-1964-2013-CHING","PCODBSAI",1370000,0.666823954296507,0.859566373055297,0.666730889873417,0.863405225963824,-0.278618558342516
"AFSC-PERCHEBSAI-1960-2011-STACHURA","PERCHEBSAI",629000,0.125561153845633,1.26795326855055,0.124839310407038,1.26961787869948,-0.117300721435412
"AFSC-POPERCHGA-1959-2010-STACHURA","POPERCHGA",1180000,NA,NA,NA,NA,NA
"AFSC-REXSOLEGA-1979-2011-HIVELY","REXSOLEGA",120000,0.0122486229408129,241.758270685772,NA,NA,NA
"AFSC-REYEROCKBSAI-1974-2015-HIVELY","REYEROCKBSAI",38200,NA,NA,NA,NA,NA
"AFSC-REYEROCKGA-1974-2010-STACHURA","REYEROCKGA",47400,0.0847431545926113,1.09068593796697,0.0860355300387412,1.08648748223414,0.216286653043115
"AFSC-RKCRABBB-1960-2008-JENSEN","RKCRABBB",104000,0.056771584821086,21.4241975523153,0.0768216213398275,6.04061879358771,0.252471042201381
"AFSC-RKCRABPI-1981-2009-JENSEN","RKCRABPI",12800,0.549237697762193,0.568228027475986,0.565428286261979,0.548571479957816,0.671733211080542
"AFSC-SABLEFEBSAIGA-1958-2010-STACHURA","SABLEFEBSAIGA",642000,0.0627349542605528,1.35070274202412,NA,NA,NA
"AFSC-SRAKEROCKBSAI-1977-2010-STACHURA","SRAKEROCKBSAI",29700,NA,NA,NA,NA,NA
"AFSC-WPOLLAI-1976-2013-CHING","WPOLLAI",1100000,0.0357116039902655,2.16379328242485,NA,NA,NA
"AFSC-WPOLLEBS-1963-2015-HIVELY","WPOLLEBS",13100000,0.478184651402135,0.993046605319433,0.466400983635236,0.998331239503332,-0.178830020965797
"AFSC-WPOLLGA-1970-2014-HIVELY","WPOLLGA",3280000,0.136411552123621,0.900535511089992,0.128821281367061,0.878824956162654,-0.983014782142308
"AFSC-YSOLEBSAI-1949-2010-STACHURA","YSOLEBSAI",2860000,0.145343313310373,1.27132457718546,0.1385191833421,1.30261463039458,-0.262473123625584
"AFWG-CAPENOR-1965-2007-MINTO","CAPENOR",8840000,0.233759540384101,1.49271684582317,0.301579031566592,1.1200343836795,-3.07899895065941
"AFWG-CODNEAR-1946-2011-CHING","CODNEAR",4170000,0.334481864703598,1.56642857946271,0.329468253518901,1.5814741568003,0.5861348814159
"AFWG-GHALNEAR-1960-2010-NEUBAUER","GHALNEAR",312000,0.0788363868587191,14.073386900672,0.084910283430716,9.56844851455034,-0.809414772487909
"AFWG-GOLDREDNEAR-1983-2010-NEUBAUER","GOLDREDNEAR",155000,NA,NA,NA,NA,NA
"AFWG-HADNEAR-1947-2012-CHING","HADNEAR",1210000,0.247643609519545,2.09331868777361,0.310539837615165,1.30912804217379,1.49922206463759
"AFWG-POLLNEAR-1957-2012-CHING","POLLNEAR",1060000,0.277326533561184,1.77148305820767,0.270649608698577,1.81558764129804,-0.0937089966831345
"ASMFC-PANDALGOM-1960-2009-IDOINE","PANDALGOM",30100,0.341802979573323,1.48470971638363,0.34620990761813,1.49373461088303,0.519074586105192
"CCSBT-SC-SBT-1952-2014-PONS","SBT",1330000,0.0265496909018319,1.38322299157105,0.0085110928388981,21.4010359561687,3.18751849936831
"CSIRO-BIGHTREDSE-1958-2007-FULTON","BIGHTREDSE",70400,0.0271390012178511,1.03077561153593,NA,NA,NA
"CSIRO-DEEPFLATHEADSE-1978-2007-FULTON","DEEPFLATHEADSE",16500,0.298331474590979,0.920328536234069,0.298664713892061,0.920319479298598,-0.0135062628356403
"CSIRO-GEMFISHSE-1966-2007-FULTON","GEMFISHSE",38700,0.0226210717306264,6934.87569335542,NA,NA,NA
"CSIRO-MORWONGSE-1913-2007-FULTON","MORWONGSE",30600,0.0156703839461722,152.586306737046,0.0188961003886642,34.5379490959788,-0.272325880714967
"CSIRO-NZLINGESE-1968-2007-FULTON","NZLINGESE",13100,0.0918340035862952,1.29113067365754,0.102084662107629,1.19635390290776,-0.930025300014714
"CSIRO-NZLINGWSE-1968-2007-FULTON","NZLINGWSE",17400,NA,NA,NA,NA,NA
"CSIRO-PTOOTHFISHMI-1975-2010-FAY","PTOOTHFISHMI",9730,0.0573747631723279,0.85506641263044,0.056540206125285,0.868486105505705,0.859276960877972
"CSIRO-SILVERFISHSE-1978-2006-FULTON","SILVERFISHSE",25400,0.404476868816495,0.963744442131822,0.411226291788404,0.961366280871691,-1.0433051318464
"CSIRO-SWHITSE-1945-2007-FULTON","SWHITSE",12500,0.241758669211557,1.5111254325093,0.166982650578604,2.02727593566214,1.02509869564795
"CSIRO-TIGERFLATSE-1913-2006-FULTON","TIGERFLATSE",50800,0.165979549066575,0.970703017732729,0.162310984836467,0.969027170812735,0.40094035256013
"CSIRO-WAREHOUESE-1984-2006-FULTON","WAREHOUESE",16800,0.163542546523669,1.16152784245464,0.110715522951306,1.56432168914764,-0.718593455856208
"CSIRO-WAREHOUWSE-1984-2006-FULTON","WAREHOUWSE",5880,0.344410154357253,0.681112275851592,0.335544155503594,0.693818465616629,-0.420365423226909
"DFO-ACADRED2J3K-1960-2010-WATSON","ACADRED2J3K",1060000,1.19618302635893,0.460320516568817,1.43841782044457,0.46413428209248,0.570896530349179
"DFO-ACADREDUT3-1960-2010-WATSON","ACADREDUT3",209000,1.02597821646407,0.44936921983127,0.936651644399942,0.460446176377387,-0.661113258001875
"DFO-AMPL23K-1960-2012-WATSON","AMPL23K",332000,0.0986444662158138,0.27683708270194,0.00105748350228989,2.94395628584124e-06,-1.60432677383108
"DFO-COD2J3KL-1959-2014-WATSON","COD2J3KL",298000,0.0575891498978223,18.6657310017242,0.0502532412576061,4.63435012956909,1.94257022346953
"DFO-COD3Pn4RS-1964-2015-WATSON","COD3Pn4RS",446000,0.0743498841596538,50.9300328715369,0.033016746586924,5546022742.8925,-0.730897899343655
"DFO-COD3Ps-1980-2014-WATSON","COD3Ps",148000,1.01602504394807,0.715987306926668,0.946855506120586,0.788182457711335,-0.891991219121618
"DFO-CROCKWCVANISOGQCI-1945-2009-STANTON","CROCKWCVANISOGQCI",28300,0.0867420529009679,1.02997070332715,0.083411628580768,1.04586632281188,0.286048134630163
"DFO-GHAL4RST-1970-2015-WATSON","GHAL4RST",446000,0.032745482739804,0.424402952073485,0.0203386830814084,0.0718393448295316,7.85188126679394
"DFO-HAD4X5Y-1970-2014-WATSON","HAD4X5Y",232000,0.687767600466183,0.384572264483066,0.696448617776623,0.382281910949727,0.0712516469988924
"DFO-HERRCC-1951-2015-WATSON","HERRCC",135000,0.317038434908543,0.802726314070292,0.32362676838476,0.788324513432864,-0.291292776878351
"DFO-HERRPRD-1951-2015-WATSON","HERRPRD",149000,NA,NA,NA,NA,NA
"DFO-HERRQCI-1951-2015-WATSON","HERRQCI",103000,0.26206094267945,0.911364568229277,0.253126395696082,0.933058194249181,-0.77762703691398
"DFO-HERRWCVANI-1951-2015-WATSON","HERRWCVANI",164000,0.179559559992642,1.22054581961406,0.182907228577688,1.18976632455496,-0.60082844674954
"DFO-MACKNWATLSA3-4-1968-2014-WATSON","MACKNWATLSA3-4",610000,0.210426774688416,0.800009487704773,0.200847396703497,0.800304366546574,0.345589598514281
"DFO-MAR-SCALLNBB-1981-2011-CHING","SCALLNBB",22700,0.438492269669219,0.668017557778918,NA,NA,NA
"DFO-MAR-SHAKE4VWX-1969-2015-OSGOOD","SHAKE4VWX",146000,0.410073198274549,0.976678048942981,0.44423031127483,0.943765768919868,0.750763670444071
"DFO-NFLD-SCALLGB-1978-2007-ANDERSON","SCALLGB",34500,0.479152866786266,1.11959449505206,0.457885553064828,1.0461759914124,1.28389658551403
"DFO-PAC-BOCACCBCW-1935-2012-CHING","BOCACCBCW",43600,0.0471542479175118,1.051760056999,0.0465908990737943,1.05341558214216,-0.0821286965465872
"DFO-PAC-ESOLEHS-1944-2001-COLLIE","ESOLEHS",5510,0.431408021366567,1.11428421563766,0.383895887994233,1.19428015917955,-0.341007725155343
"DFO-PAC-PCOD5AB-1945-2014-OSGOOD","PCOD5AB",11900,0.141547417000895,2.32808024361154,0.0584095669170913,1.08526478924897,-3.41479345898917
"DFO-PAC-PCODHS-1944-2014-OSGOOD","PCODHS",42200,0.12823451233935,2.25315420539584,0.137134513822263,1.999274529998,-0.101192894712647
"DFO-PAC-PCODWCVANI-1956-2002-COLLIE","PCODWCVANI",20400,0.140083244637448,1.99549722076302,0.186945536406734,1.07445692514379,-1.89347442106427
"DFO-PAC-SABLEFPCAN-1913-2010-HIVELY","SABLEFPCAN",127000,0.0761620249669971,0.874047927812226,0.0760353732251964,0.874343211731588,0.00768092661290427
"DFO-PERCHQCI-1939-2013-WATSON","PERCHQCI",66500,0.0395255984935639,1.01897456298503,0.0372224582465526,1.05018402604409,0.584980323196899
"DFO-PERCHWCVANI-1939-2013-WATSON","PERCHWCVANI",39200,0.0669462293404417,1.08899099524797,0.066609523779458,1.08907886374455,-0.148782888159044
"DFO-REDDEEP2J3K-3LNO-1960-2010-WATSON","REDDEEP2J3K-3LNO",1620000,0.54449097560042,0.291640894823673,0.543975633835714,0.275987705190668,0.363792015690102
"DFO-SG-WHAKE4T-1960-2013-OSGOOD","WHAKE4T",101000,NA,NA,NA,NA,NA
"FAJ-APOLLPJPN-1975-2014-KUROTA","APOLLPJPN",1370000,0.302631942135984,1.41629544175854,0.304344867843934,1.41103046406509,0.036792414153165
"FAJ-BMACKECS-1992-2014-KUROTA","BMACKECS",238000,0.47166454785211,1.60138267788368,0.464736120628743,1.62226689893267,-0.121191778904015
"FAJ-BRMSOJ-1980-2010-ONO","BRMSOJ",9480,0.11973003867427,121.351697774614,0.134894650605439,43.686041221515,-0.0539714406839703
"FAJ-CMACKPJPN-1970-2009-ONO","CMACKPJPN",4740000,0.125798808850387,5.50968073360871,NA,NA,NA
"FAJ-CMACKTSST-1973-2014-KUROTA","CMACKTSST",1370000,0.339507340570644,2.24701130258044,0.399417253505197,1.7951355062866,-0.332498265146631
"FAJ-JANCHOPJPN-1978-2014-KUROTA","JANCHOPJPN",1490000,0.244924188326149,2.03523687658054,0.2478083712818,2.07270493743908,-0.20326211170251
"FAJ-JANCHOSETO-1955-2014-KUROTA","JANCHOSETO",424000,0.523736572186627,1.12119675072244,0.536756874157911,1.10424916847543,-0.385374113634001
"FAJ-JANCHOTSST-1977-2014-KUROTA","JANCHOTSST",306000,0.414223077901843,2.04225170258563,0.543197705337673,1.4152115309964,0.586693341319027
"FAJ-JMACKPJPN-1982-2009-ONO","JMACKPJPN",162000,0.238212562276844,8.7956234709747,0.222128609770907,11.6193524780418,-0.293590009212173
"FAJ-JMACKTSST-1973-2010-ONO","JMACKTSST",551000,0.265098885208685,5.63744302731771,0.227240096655931,8.97516400712263,-0.141053248359972
"FAJ-OFLOUNECS-1986-2010-ONO","OFLOUNECS",3840,NA,NA,0.153491565431963,57.7812519564149,-0.249192129070778
"FAJ-PILCHPJPN-1976-2009-ONO","PILCHPJPN",19500000,0.201188573087612,1.65118564701732,0.187814884070732,1.34467262342583,-1.55680840601992
"FAJ-PILCHTSST-1960-2010-ONO","PILCHTSST",10200000,0.202644606446864,1.69154069838039,0.147666548459831,2.06518867884477,-0.77554063386655
"FAJ-RBRMECS-1969-2010-ONO","RBRMECS",18400,0.118828312614574,80.5294421096935,0.12148386308325,68.8183630896101,0.0726892306965465
"FAJ-RHERRTSST-1975-2014-KUROTA","RHERRTSST",149000,0.422965822983957,1.44014655152202,0.400547346529725,1.48293899269582,-0.57418638298938
"FAO-SPNWA-RSARDINWA-1990-2010-CHING","RSARDINWA",1180000,0.651097742036135,1.38232601356264,0.655384102426276,1.35571621658637,0.799510718934707
"FAO-SPNWA-SARDINWA-1990-2010-CHING","SARDINWA",1180000,0.651097742036135,1.38232601356264,0.655618830997471,1.36205284228498,0.642919999070826
"HAWG-HERRNIRS-1960-2010-NEUBAUER","HERRNIRS",120000,0.109323763398534,6.13621981179414,0.0969669040548333,6.72684065143469,-0.660759149338423
"HAWG-HERRNS-1960-2011-NEUBAUER","HERRNS",4800000,0.187091149170333,1.90624814358121,0.205751317006091,1.71587313889141,-0.36878851308534
"HAWG-HERRSIRS-1957-2010-NEUBAUER","HERRSIRS",214000,0.484097197112901,0.771424564045945,0.409216519833754,0.80567044081738,-1.18438019074129
"HAWG-HERRVIa-1956-2010-NEUBAUER","HERRVIa",1510000,0.21728559447682,0.847909832641744,0.21827756399114,0.847728222188446,0.277997379539747
"IATTC-STMARLINNEPAC-1954-2009-BRANCH","STMARLINNEPAC",9260,0.349254833944953,1.79873513627206,0.346538577040471,1.80760949900257,-0.168183770165445
"IATTC-SWORDEPAC-1951-2012-PONS","SWORDEPAC",67100,0.0964283420660409,1.6485112390225,0.0577325698374615,2.95345849692367,0.895166568322551
"ICCAT-ALBAMED-1956-2011-CHING","ALBAMED",331000,0.299122284379336,0.996902344741811,0.308412182789919,0.996637299705033,-0.0916194640637041
"ICCAT-ALBANATL-1930-2015-PONS","ALBANATL",726000,0.109384567502998,1.36919038904655,0.110955926692644,1.34693687578684,-0.273719009860148
"ICCAT-ALBASATL-1950-2015-PONS","ALBASATL",398000,0.174551011903708,1.07837604124973,0.185445028791758,1.05485282924027,-0.398723366209666
"ICCAT-BMARLINATL-1956-2010-CHING","BMARLINATL",63400,0.141237423480463,1.05549460441446,0.136918040709638,1.07449435196445,0.308070642346035
"ICCAT-SAILEATL-1956-2010-CHING","SAILEATL",27400,0.182252433940558,1.07697069763776,0.188613399135191,1.06328208142351,-0.472386177805129
"ICCAT-SAILWATL-1956-2010-CHING","SAILWATL",40900,0.0433611748317834,1.12043909036527,0.0402515889498681,1.15214072874417,0.377590243087019
"ICCAT-SKJEATL-1950-2010-CHING","SKJEATL",768000,1.23988317932368,1.00024111318824,NA,NA,NA
"ICCAT-SKJWATL-1950-2014-PONS","SKJWATL",58300,1.73599478119256,1.01386214431405,1.72563822683022,1.01392232327286,0.0825931090266521
"ICCAT-SWORDMED-1950-2009-CHING","SWORDMED",188000,0.260989487456132,0.776412468846137,0.259137358227052,0.769184034995058,0.319206868193273
"ICCAT-WMARLINATL-1956-2011-CHING","WMARLINATL",17600,0.0655832600017063,2.90811014758415,0.123267863532026,1.44484528624543,-1.48006151788649
"IFOP-BSQLOBSTERCH-1979-2012-CHING","BSQLOBSTERCH",48600,0.250086483219115,1.1780819604103,0.252969434391869,1.16843593749474,-0.519007365384619
"IFOP-BWHITCH-1979-2012-CHING","BWHITCH",1230000,0.0420825657955159,0.857837982074646,NA,NA,NA
"IFOP-CHERRCHVX-1960-2012-CHING","CHERRCHVX",4250000,0.379249135083022,1.42637772027294,0.277398763763511,1.9351454273974,-1.65800045016547
"IFOP-CHTRACCH-1950-2010-RICARD","CHTRACCH",27300000,0.0630238560821337,6.00161219278273,0.0714420667881206,4.05764239361314,1.04696491063237
"IFOP-HMACKCH-1970-2011-CHING","HMACKCH",21700000,0.127840274931854,3.33569017913977,0.127916474534781,3.26329527400391,0.178213516302575
"IFOP-NSHRIMPCH-1949-2012-CHING","NSHRIMPCH",43300,0.194720197534597,2.73230024892492,0.186029413917105,2.95542527335612,0.188951150162328
"IFOP-PANCHCHVX-1960-2012-CHING","PANCHCHVX",1910000,0.689373203051481,0.951865886998831,0.629499732461246,0.982579726732806,-1.05932174674269
"IFOP-PANCHNCH-1984-2012-CHING","PANCHNCH",5180000,0.693036229512581,0.864354071138592,0.681339261329267,0.870328047117663,0.128095802110529
"IFOP-PANCHSCH-1984-2012-CHING","PANCHSCH",736000,0.449606640503327,0.760671773473121,0.451573096199017,0.756837158481742,0.335592391353198
"IFOP-PATGRENADIERCH-1977-2012-CHING","PATGRENADIERCH",1650000,0.046154721027834,13.0973838843043,0.0619091036091577,4.45597169702416,1.58748784165884
"IFOP-PCEELCH-1978-2011-CHING","PCEELCH",50600,0.14838453125628,2.97986779119458,0.142045955373581,3.23563732443703,-0.272872230900884
"IFOP-PTOOTHFISHCH-1989-2011-CHING","PTOOTHFISHCH",105000,0.132366282919352,1.17040151377182,NA,NA,NA
"IFOP-RSQLOBSTERCH-1968-2012-CHING","RSQLOBSTERCH",224000,NA,NA,0.0199528677322799,841236.574687105,-0.0310623747007953
"IFOP-SOUTHHAKECH-1977-2011-CHING","SOUTHHAKECH",963000,0.027490190473304,1.01184164648936,0.0272710641532971,1.01756992370693,0.338560271241881
"IFOP-SPHAKECH-1968-2012-CHING","SPHAKECH",1320000,0.0598605172490056,2.20127724890177,0.0621231591237382,2.0972970690618,0.303486055776839
"IFOP-YNOSESKACH-1979-2011-CHING","YNOSESKACH",14800,0.0493510216989112,1.23082409752077,0.0493925487671793,1.2302713329202,0.0380074874906673
"IMARPE-PANCHPERUNC-1959-2008-HIVELY","PANCHPERUNC",18300000,0.623553063545108,1.93592011181786,0.618867419616091,1.98124742600981,0.0366016394978129
"INIDEP-ARGHAKENARG-1986-2011-CHING","ARGHAKENARG",581000,0.461917447868473,1.46641670793174,0.476867488611771,1.40173561748097,-0.109111754204639
"INIDEP-ARGHAKESARG-1990-2011-CHING","ARGHAKESARG",1170000,0.165297688054304,207.160362274012,0.14154691861605,1859.42025054553,-0.128959144002632
"INIDEP-PATGRENADIERSARG-1983-2006-Parma","PATGRENADIERSARG",1660000,0.0463112534165442,8.37692550148327,0.0470558105625431,7.97743684607411,0.100724462261021
"IOTC-BMARLINIO-1950-2014-PONS","BMARLINIO",194000,0.116691933795609,1.03215871352416,0.12935272704167,1.01652826531246,-0.250949105548062
"IOTC-SKJCIO-1950-2014-PONS","SKJCIO",1810000,0.806564098331516,0.828280364357781,0.375528808736783,0.95454693176192,2.45980649748705
"IOTC-STMARLINIO-1950-2014-PONS","STMARLINIO",56600,0.176015695947612,1.04934275001241,0.190242598112841,1.02396242634441,-0.340014907004002
"ISC-ALBANPAC-1950-2012-PONS","ALBANPAC",1040000,0.0707106453844342,3.71774396644166,0.0271967407317429,436.983103374527,1.11828289876497
"ISC-PACBTUNA-1952-2012-PONS","PACBTUNA",186000,0.169963579985595,2.65192484296879,0.181567661320987,2.33281764121229,-0.607427478818337
"ISC-STMARLINWCNPAC-1951-2010-CHING","STMARLINWCNPAC",34800,0.636476159583941,1.24364003541663,0.66824038506367,1.18057023710824,-0.595224523036085
"ISC-SWORDNPAC-1951-2012-PONS","SWORDNPAC",121000,0.223300661038691,1.43579371581507,0.230793931346907,1.39999976859353,-0.220907938998005
"MARAM-ANCHOSA-1984-2011-deMoor","ANCHOSA",4970000,0.35146735874815,0.657606826587505,0.0965275875480142,0.895096096781807,5.79760276949868
"MARAM-CHAKESA-1917-2015-Rademeyer","CHAKESA",618000,0.0633261071495141,2.37874863899536,0.109308272896547,1.46650329173152,-1.10887631405528
"MARAM-CHSQUIDSA-1971-2013-GLAZER","CHSQUIDSA",78200,0.299975480478883,0.870042274964255,0.256512763720116,0.868873321414029,1.36988377633484
"MARAM-CTRACSA-1949-2013-Furman","CTRACSA",721000,0.0428787691059217,7.72700741799882,0.0277254012893653,51.7508719940796,0.360312920698241
"MARAM-DEEPCHAKESA-1917-2015-Rademeyer","DEEPCHAKESA",633000,0.320186538461423,1.70428029882674,0.359177305922651,1.57473743361523,-0.242821596262155
"MARAM-KINGKLIPSA-1986-2012-Brandao","KINGKLIPSA",110000,0.0802180373433799,1.972407922841,0.075504800020462,2.10426361101303,-0.106119623915801
"MARAM-SARDSA-1984-2011-deMoor","SARDSA",4180000,0.312675370404812,0.711192416616491,0.314155555488767,0.712199901149674,-0.199585198081788
"MARAM-SSLOBSTERSASC-1973-2014-Johnston","SSLOBSTERSASC",3550,0.231067849416873,1.3708383547057,0.212169463809286,1.51260257052543,0.302630827535486
"NAFO-SC-AMPL3LNO-1955-2007-BAUM","AMPL3LNO",563000,NA,NA,NA,NA,NA
"NAFO-SC-COD3M-1960-2012-CHING","COD3M",104000,0.33062099124504,2.00558039627278,0.294982783720785,3.43913508730878,0.822403434616069
"NAFO-SC-COD3NO-1953-2011-CHING","COD3NO",166000,0.678333208617406,0.672048767843296,0.554762910240828,0.666927059003678,-0.981674332173476
"NAFO-SC-REDFISHSPP3M-1988-2014-WATSON","REDFISHSPP3M",485000,0.311441731404875,0.569167516052081,0.32452084206888,0.418396269780796,-1.39601201559965
"NEFSC-BLUEFISHATLC-1981-2007-SHEPHERD","BLUEFISHATLC",366000,0.106831740400337,1.09854212081668,0.106017101781761,1.10491500792529,-0.135063117355342
"NEFSC-BSBASSMATLC-1968-2007-SHEPHERD","BSBASSMATLC",15000,0.393490345990095,1.72160221423902,0.416059473299918,1.62158742787771,0.396570036078167
"NEFSC-HAD5Y-1964-2011-CHING","HAD5Y",20100,NA,NA,NA,NA,NA
"NEFSC-HERRNWATLC-1964-2011-HIVELY","HERRNWATLC",1940000,0.427886854296001,0.864958676623691,0.418379639039095,0.868055323825537,-0.31548901137121
"NEFSC-MONKGOMNGB-1980-2009-HIVELY","MONKGOMNGB",1e+05,0.3561911579311,0.921502052655206,0.340750642101258,0.929290148552398,0.671210811602903
"NEFSC-MONKSGBMATL-1980-2009-HIVELY","MONKSGBMATL",147000,0.427579517813127,1.0449460904406,0.426815050401387,1.04542360545627,0.135790368455749
"NEFSC-POLL5YZ-1960-2009-CHING","POLL5YZ",359000,0.101467741120627,0.999125621889817,0.102039953925112,0.993627210253343,0.0641491003881742
"NEFSC-QUAHATLC-1978-2008-CHUTE","QUAHATLC",2410000,NA,NA,NA,NA,NA
"NEFSC-SCALL5ZMAB-1964-2013-HIVELY","SCALL5ZMAB",126000,0.242767412075589,2.87167495218333,0.267915916396028,2.2820885615894,0.249771124796162
"NEFSC-SURFMATLC-1965-2008-JACOBSON","SURFMATLC",1090000,0.108200173248108,1.1452784117224,0.106636695092777,1.1461507108751,-0.460076087527694
"NEFSC-WHAKEGBGOM-1962-2011-HIVELY","WHAKEGBGOM",39000,0.190559709755806,1.80652384533233,0.193074892782523,1.76418659661064,0.278185529553156
"NEFSC-YELLSNEMATL-1935-2011-HIVELY","YELLSNEMATL",62100,0.700187059001405,0.704205833248305,0.550687831737707,0.789431806879099,-1.60072116916393
"NMFS-MENATLAN-1940-2005-STANTON","MENATLAN",3070000,0.341227004036086,1.07271592780074,0.351147140813985,1.02825121960819,0.507186789528959
"NWFSC-ARFLOUNDPCOAST-1916-2007-BRANCH","ARFLOUNDPCOAST",79800,0.0458912203525772,4.0254558210186,0.0857022825133803,1.80718644123937,0.395365838430877
"NWFSC-BLACKROCKNPCOAST-1914-2006-BRANCH","BLACKROCKNPCOAST",11900,0.114809493954016,1.06323293462694,0.105954786886647,1.07363776254616,0.313222494711725
"NWFSC-BLACKROCKSPCOAST-1915-2007-BRANCH","BLACKROCKSPCOAST",27100,0.110268350556367,1.03090055076805,0.108705717553337,1.02721325132574,0.176555655867458
"NWFSC-BLUEROCKCAL-1916-2007-BRANCH","BLUEROCKCAL",13000,0.0593228311836255,1.13235419399113,0.0579696012644864,1.14799601314924,0.154495590940736
"NWFSC-CABEZORECOAST-1973-2009-STACHURA","CABEZORECOAST",724,0.179541217197217,1.02666504314524,0.179871066428823,1.02410611684393,0.315009651223276
"NWFSC-CHILISPCOAST-1892-2007-BRANCH","CHILISPCOAST",38200,0.125679324371258,1.37163119707752,0.120618233604017,1.39641534740424,-0.41253343095249
"NWFSC-CROCKPCOAST-1916-2011-STACHURA","CROCKPCOAST",53600,0.0515644682902736,1.41513730074468,0.0514091909977187,1.41286810270086,0.170670195528033
"NWFSC-DKROCKPCOAST-1928-2011-STACHURA","DKROCKPCOAST",19900,0.0605757107304728,1.61212688578278,0.0601712691440786,1.61012985665618,-0.23163221836678
"NWFSC-ESOLEPCOAST-1876-2007-BRANCH","ESOLEPCOAST",72800,0.117089517438415,1.42477949457305,0.116248923009007,1.43478386624622,0.0770549600133627
"NWFSC-KELPGREENLINGORECOAST-1979-2005-STANTON","KELPGREENLINGORECOAST",1610,0.0387096538649307,0.98250821667354,NA,NA,NA
"NWFSC-LINGCODNPCOAST-1928-2009-STACHURA","LINGCODNPCOAST",44300,0.0953809011048051,1.125136902399,0.0939468491040145,1.12792292398158,0.211535366172436
"NWFSC-LINGCODSPCOAST-1928-2009-STACHURA","LINGCODSPCOAST",27200,0.124548296928812,1.93978415152977,0.125439329561904,1.91486239586779,-0.0213817860111819
"NWFSC-LSTHORNHPCOAST-1964-2012-HIVELY","LSTHORNHPCOAST",103000,0.111357260632387,0.807932190693518,0.110421284347347,0.806524932592298,-0.217274401756143
"NWFSC-POPERCHPCOAST-1940-2011-STACHURA","POPERCHPCOAST",119000,0.0213543892316053,1.30003368961183,0.0213008962998779,1.29903709823071,-0.117916436592362
"NWFSC-SABLEFPCOAST-1900-2011-STACHURA","SABLEFPCOAST",548000,NA,NA,NA,NA,NA
"NWFSC-SNROCKPCOAST-1905-2009-STANTON","SNROCKPCOAST",81500,0.0252160501665146,0.957180788622808,0.0249969595432838,0.935210217720647,-1.16866104775516
"NWFSC-SSTHORNHPCOAST-1901-2005-STANTON","SSTHORNHPCOAST",188000,0.0343217073466455,0.890439212348398,0.0337562249987474,0.887505205863748,-0.3384173643987
"NWFSC-WROCKPCOAST-1916-2011-STACHURA","WROCKPCOAST",169000,0.0574508631206515,1.28325464110609,0.057946172172326,1.26929864980076,0.168138547209714
"NWFSC-YTROCKNPCOAST-1967-2005-STANTON","YTROCKNPCOAST",106000,0.0464281304270191,2.61206375187624,0.0376547015317737,3.47774983849016,0.168187393516312
"NWWG-CODFAPL-1959-2012-CHING","CODFAPL",161000,0.293968957098725,1.58483300987223,0.319568570641907,1.37525088366279,-0.733202430136522
"NWWG-CODICE-1952-2012-CHING","CODICE",2360000,0.262497739972911,1.68631981373092,0.2694942623313,1.61081792845697,-0.242716858155207
"NWWG-HADFAPL-1955-2012-CHING","HADFAPL",153000,0.203149936710417,1.58635633778263,0.204054952841421,1.56504380418365,-0.297651508234944
"NWWG-HADICE-1977-2012-CHING","HADICE",299000,0.249229920071139,3.45950625107093,0.269244265979117,2.92959183318082,0.0993266555508042
"NWWG-HERRIsum-1984-2011-NEUBAUER","HERRIsum",895000,0.276164562044046,1.40693298844831,0.36498426210366,1.14851692425101,0.584962697616477
"NWWG-POLLFAPL-1958-2012-CHING","POLLFAPL",335000,0.195651488637041,1.93452166982831,0.213118953968538,1.73595877523684,0.159647734236684
"NWWG-POLLIEG-1977-2012-CHING","POLLIEG",416000,0.203344323550094,2.36265189585281,0.185917696894077,2.70503875121245,0.180617989691942
"NZMFishINSHOREWG-NZSNAPNZ8-1931-2005-JENSEN","NZSNAPNZ8",64000,0.109922461236758,1.0616705717472,0.112225987283641,1.05131564332003,0.213184471781998
"NZMFishLOBSTERWG-RROCKLOBSTERCRA1-1945-2001-JENSEN","RROCKLOBSTERCRA1",3370,0.240391794105626,0.939003374082412,0.239978545683466,0.93929584762425,-0.105474117596059
"NZMFishLOBSTERWG-RROCKLOBSTERCRA2-1945-2001-JENSEN","RROCKLOBSTERCRA2",5120,0.275413030984154,0.861528915597521,0.276050862134473,0.861139352570002,-0.352866051922856
"NZMFishLOBSTERWG-RROCKLOBSTERCRA3-1945-2007-JENSEN","RROCKLOBSTERCRA3",2670,0.590161180201543,0.81093938918084,0.579729682836686,0.809549425311272,-0.326454092652727
"NZMFishLOBSTERWG-RROCKLOBSTERCRA4-1945-2005-JENSEN","RROCKLOBSTERCRA4",5380,0.443314759027269,0.903573468899498,0.440458032547416,0.909389793917701,-0.25336146439324
"NZMFishLOBSTERWG-RROCKLOBSTERCRA5-1945-2002-JENSEN","RROCKLOBSTERCRA5",9280,0.191724587137109,0.87569924997727,0.191854714801662,0.878013177562233,-0.119120451641873
"NZMFishLOBSTERWG-RROCKLOBSTERCRA7-1976-2005-JENSEN","RROCKLOBSTERCRA7",771,0.530279467544324,2.34023632163057,0.35852170812332,6.21265444691338,0.569289355829651
"NZMFishLOBSTERWG-RROCKLOBSTERCRA8-1976-2005-JENSEN","RROCKLOBSTERCRA8",5650,0.621759298787654,1.40854780871978,0.625427384333323,1.3931195447204,-0.063060364165215
"NZMFishMIDDEPTHSWG-GEMFISHNZ-1952-2007-JENSEN","GEMFISHNZ",23500,NA,NA,NA,NA,NA
"NZMFishMIDDEPTHSWG-NZLINGLIN6b-1980-2006-JENSEN","NZLINGLIN6b",16800,0.0717233358990457,1.07056660723003,0.0706897989127036,1.03636436623555,-1.70186039174572
"PFMC-BOCACCSPCOAST-1930-2009-CHING","BOCACCSPCOAST",60100,0.0873332869511683,2.1613632126498,0.06898255100176,3.24537644597915,0.372745711471143
"PFMC-CABEZNCAL-1930-2009-CHING","CABEZNCAL",787,0.207240391415083,1.03007085062638,0.204058233098531,1.0340712312739,-0.110775560924538
"PFMC-CABEZSCAL-1930-2009-CHING","CABEZSCAL",1380,0.148658398211452,1.43340268963961,0.147900021983376,1.43269651672531,0.125508653506612
"PFMC-GRNSTROCKPCOAST-1916-2009-STANTON","GRNSTROCKPCOAST",31300,0.0912864704902347,1.06342219432368,0.0937137064673468,1.05882205471491,-0.191518479959002
"PFMC-PSOLEPCOAST-1930-2011-CHING","PSOLEPCOAST",32400,0.199758885839558,1.19541994408299,0.199815565573571,1.19602424629343,0.0124659264177484
"SARDI-RROCKLOBSTERSAUSNZ-1966-2010-BANOBI","RROCKLOBSTERSAUSNZ",5470,0.25413730683366,1.55577609937872,0.254539970796647,1.5536713290395,-0.00858317735535577
"SARDI-RROCKLOBSTERSAUSSZ-1965-2010-BANOBI","RROCKLOBSTERSAUSSZ",5120,0.529218381944623,1.85257672018851,0.56003395533002,1.73822624813442,0.302130721551619
"SARDI-SNAPSAUSNSG-1983-2010-BANOBI","SNAPSAUSNSG",6670,0.0213648586265198,921.952505558987,0.0381750504151767,10.1359821030716,0.443271841528953
"SARDI-SNAPSAUSSGSV-1983-2010-BANOBI","SNAPSAUSSGSV",2790,NA,NA,NA,NA,NA
"SARDI-SNAPSAUSSSG-1984-2010-BANOBI","SNAPSAUSSSG",4310,0.164131650193614,1.40773611207657,0.165503246205909,1.39750334333286,0.0399523660727767
"SEFSC-BSBASSSATL-1950-2010-HIVELY","BSBASSSATL",7880,0.0915165498512447,4.50395709761054,0.0951929832756801,4.08052781191154,0.159668460560395
"SEFSC-LISQUIDATLC-1963-2009-HIVELY","LISQUIDATLC",176000,1.19384254805581,0.643766838313162,1.17557272254613,0.623501715224912,-0.447612986993242
"SEFSC-RGROUPSATL-1976-2009-HIVELY","RGROUPSATL",3620,0.181868474158866,2.2941722502121,0.177268795704731,2.38355030544585,-0.234747483151759
"SEFSC-RPORGYSATLC-1972-2012-HIVELY","RPORGYSATLC",7260,0.0838379930436354,1.59396033910579,0.0947667522445475,1.34694634657092,0.893722903207982
"SEFSC-RSNAPGM-1872-2011-HIVELY","RSNAPGM",41700,0.0678727329451086,2.98772101610761,NA,NA,NA
"SEFSC-RSNAPSATLC-1954-2010-HIVELY","RSNAPSATLC",11500,0.107775743934302,0.867018916060377,0.107772652143962,0.866825348623292,-0.00615342276361825
"SEFSC-SNOWGROUPSATLC-1974-2013-HIVELY","SNOWGROUPSATLC",2940,0.13052506367938,1.24320983611773,0.137386974967105,1.18760036586883,0.923938116683125
"SEFSC-SPANMACKGM-1886-2011-HIVELY","SPANMACKGM",25300,0.0157935045271288,3141152.48882968,NA,NA,NA
"SEFSC-SPANMACKSATLC-1950-2012-HIVELY","SPANMACKSATLC",21800,0.249375662357246,1.31872514599381,0.280942333329366,1.23197129696078,0.210645342673875
"SEFSC-TILEGM-1965-2009-HIVELY","TILEGM",3050,0.152442386024438,0.900496399644216,0.151742097622658,0.909261973421301,0.402901824238133
"SEFSC-TILESATLC-1961-2011-HIVELY","TILESATLC",8310,0.134857518276614,0.969522552527846,0.122072649208378,0.958762839694919,-0.557267864905217
"SEFSC-VSNAPSATLC-1945-2012-HIVELY","VSNAPSATLC",6400,0.335159598522885,0.971972605795375,0.18714238501869,1.29492409271825,-1.94222745682705
"SEFSC-YEGROUPGM-1975-2009-HIVELY","YEGROUPGM",15000,0.0397202016833934,1.35815999699177,0.0257936017095176,1.89251016258628,2.13670884466845
"SEFSC-YTSNAPSATLCGM-1950-2011-HIVELY","YTSNAPSATLCGM",26800,0.132218573637966,1.11355143776889,0.12515218916988,1.12505872245541,-0.938673432082921
"SPC-BIGEYEWPO-1952-2006-JENSEN","BIGEYEWPO",1e+06,0.195370343344732,1.0019024629327,0.170878535936995,1.03243867074531,2.00992193349778
"SPC-STMARLINSWPO-1952-2011-CHING","STMARLINSWPO",29100,0.188630484912847,1.12590588875024,0.179512292416313,1.1937273158735,0.580935544947216
"SWFSC-DSOLEPCOAST-1910-2011-STACHURA","DSOLEPCOAST",840000,0.0577425542179189,1.19630250809993,0.056626514950119,1.20220146344492,0.111624059939905
"SWFSC-GOPHERSPCOAST-1965-2005-STANTON","GOPHERSPCOAST",3000,0.166572994059118,1.21742820318552,0.170649952608192,1.20255644355653,-0.250866884583584
"SWFSC-SARDPCOAST-1981-2007-PINSKY","SARDPCOAST",1710000,0.413629312370238,0.953732623168095,0.381008103537073,0.964155723367077,0.321686201186466
"SWFSC-SBELLYROCKPCOAST-1950-2005-BRANCH","SBELLYROCKPCOAST",150000,0.0181646189545767,0.405804820940425,0.00208162506991032,0.0463658775872174,-2.30358042155976
"SWFSC-STFLOUNNPCOAST-1970-2005-STANTON","STFLOUNNPCOAST",26700,0.144948387409936,0.542792835132059,0.14047285661871,0.576150297360464,-0.42617250263592
"SWFSC-STFLOUNSPCOAST-1970-2005-STANTON","STFLOUNSPCOAST",9120,0.212210988518687,0.655463943591438,NA,NA,NA
"TRAC-HADGB-1969-2014-WATSON","HADGB",137000,0.0574482270058866,285886.768038186,0.0420600886761686,277949.596216423,0.677650713147711
"VNIRO-WPOLLNSO-1963-2012-CHING","WPOLLNSO",11600000,0.0462346761415521,69.8651097108867,0.0453461598113555,81.6455815443441,-0.417054430170573
"VNIRO-WPOLLWBS-1970-2008-CHING","WPOLLWBS",2730000,0.0403103306650826,22.2233925933559,0.0396669260234947,24.6047510147995,0.0413397822271116
"WGBFAS-CODBA2532-1966-2012-CHING","CODBA2532",1060000,0.173483267362519,7.39275847432274,0.189106943199067,4.9936458624282,-0.168759751985337
"WGBFAS-CODIS-1968-2010-NEUBAUER","CODIS",30000,0.137868728386215,73.4292608601855,0.271879360811562,2.95173839430238,-0.87724369962059
"WGBFAS-CODVIIek-1971-2012-CHING","CODVIIek",41500,0.243361900604315,4.53065166449997,0.236849184671368,4.58799885613615,-0.372032920452962
"WGBFAS-HERR2532-1973-2011-NEUBAUER","HERR2532",2960000,0.0954862633722045,1.99171171404166,0.0970311066380745,1.92918974076015,-0.0570607333051567
"WGBFAS-HERR30-1972-2011-NEUBAUER","HERR30",726000,0.106489675712377,2.83523927537818,0.190519650291503,1.20739849873128,1.2565739315486
"WGBFAS-HERRRIGA-1976-2011-NEUBAUER","HERRRIGA",168000,0.310859874326194,1.61709651710087,0.421670102217634,1.26184431130968,0.441056872055769
"WGBFAS-SPRAT22-32-1973-2011-NEUBAUER","SPRAT22-32",2990000,0.223647166821494,1.1116364868423,0.239797848619215,0.97324089949783,0.918593151741627
"WGCSE-CODVIa-1981-2012-CHING","CODVIa",58600,NA,NA,0.0867706055745161,20.0042784755225,-1.46470601283385
"WGHMM-FMEG8c9a-1986-2010-NEUBAUER","FMEG8c9a",8980,0.0770356457393495,50.2749252260187,0.100544592092653,11.5914034086116,-0.34063975166803
"WGHMM-HAKENRTN-1961-2011-CHING","HAKENRTN",134000,0.58154551108258,2.47708935499023,0.461205036062112,3.84857760037639,0.25050404652957
"WGHMM-MEG8c9a-1985-2010-NEUBAUER","MEG8c9a",2970,0.0545406083750431,472.672826424322,0.0678565899549784,36.9375209985828,-0.564557187132986
"WGHMM-SOLEVIII-1982-2011-NEUBAUER","SOLEVIII",20600,0.149244186021566,12.2644002584001,0.15359023378117,11.0823248593545,-0.00850380906891363
"WGMHSA-MACKNEICES-1972-2007-JENNINGS","MACKNEICES",5300000,0.33112277350482,1.17395455920691,0.33359922884374,1.16921393473034,-0.0387523570064672
"WGNPBW-BWHITNEA-1980-2012-CHING","BWHITNEA",12100000,0.132326260395991,3.36689555644638,0.102194916629013,7.55742286624012,-0.464514948548476
"WGNSDS-SOLEIS-1968-2011-NEUBAUER","SOLEIS",9640,0.172423004342188,2.56347352696496,0.324977925184452,1.12215340918051,-1.00760868739374
"WGNSDS-WHITVIa-1980-2012-CHING","WHITVIa",166000,0.323407878986927,0.587305559303071,0.260506575378475,0.591443821947086,-1.16953654135675
"WGNSSK-CODNS-1962-2011-NEUBAUER","CODNS",1110000,0.250449495291974,3.20856678116352,0.291068698311477,2.02226492091163,-0.553186315208928
"WGNSSK-HADNS-IIIa-1963-2012-CHING","HADNS-IIIa",6850000,0.411675668497799,0.406218516914797,0.399038048066748,0.398922538198726,-0.539275269624897
"WGNSSK-HADROCK-1990-2012-CHING","HADROCK",57100,NA,NA,0.31866476175046,1.40110650860421,-1.45701477236431
"WGNSSK-PLAIC7d-1979-2010-NEUBAUER","PLAIC7d",22400,0.360290069168688,1.81285916185444,0.424348730045495,1.4306289606103,-0.265971313307445
"WGNSSK-POLLNS-VI-IIIa-1964-2012-CHING","POLLNS-VI-IIIa",1020000,0.17015715798723,4.6281208730324,0.167039598754929,4.70975938139159,-0.367908334865545
"WGNSSK-SEELNSSA1-1983-2011-NEUBAUER","SEELNSSA1",2290000,1.16829015015757,0.681236852783894,1.04230334021767,0.750901215612738,-0.500125890468184
"WGNSSK-SEELNSSA2-1983-2011-NEUBAUER","SEELNSSA2",649000,0.867604504676751,0.691542546514005,0.7822086185248,0.756145655233059,-0.977433800651256
"WGNSSK-SEELNSSA3-1983-2011-NEUBAUER","SEELNSSA3",1660000,0.781595007041823,0.785845372111035,0.781153666533798,0.698835710779664,-0.986395730957042
"WGNSSK-SOLEIIIa-1982-2011-NEUBAUER","SOLEIIIa",5500,0.377242837411625,1.33305666558501,0.360075175373933,1.38351322318924,-0.144930767531125
"WGNSSK-SOLEVIId-1981-2011-NEUBAUER","SOLEVIId",23300,0.364816779131229,1.67702543246944,0.410137576141376,1.49712573678312,0.240321027107707
"WGNSSK-WHITNS-VIId-1989-2012-CHING","WHITNS-VIId",1340000,0.3263451178829,0.726434092962676,0.339906534004904,0.731673161607934,-0.371647097021571
"WGSSDS-PLAICECHW-1979-2010-NEUBAUER","PLAICECHW",9800,0.293372642399706,2.05779665888965,0.34505748922494,1.64400463398187,-0.325233705506625
"WGSSDS-SOLECS-1970-2011-NEUBAUER","SOLECS",9510,0.216962512076982,0.488413829485621,0.170386913461219,0.459228617706087,-0.748099353216566
"WGSSDS-SOLEVIIe-1968-2010-NEUBAUER","SOLEVIIe",6750,0.144738095857454,3.66522505881861,0.116969605744448,5.92815588748599,0.134476236285672
"WGSSDS-WHITVIIek-1981-2012-CHING","WHITVIIek",84200,0.356290339471527,1.67034823161449,0.338437515902606,1.7350235691976,-0.624190121354472
"WGWIDE-HERRNORSS-1988-2014-HIVELY","HERRNORSS",11700000,0.131806799467768,1.8655211744285,0.125876440007667,1.95866837373467,-0.472508956594284
